{
  "Allen Fieldhouse Lot": {
    "data": [
      0.0,
      0.0,
      0.0,
      0.0,
      0.0,
      0.0,
      0.0,
      23.333333333333332,
      51.66666666666667,
      85.0,
      98.33333333333333,
      96.66666666666667,
      90.0,
      78.33333333333333,
      63.33333333333333,
      53.333333333333336,
      36.666666666666664,
      20.0,
      0.0,
      0.0,
      0.0,
      0.0,
      0.0,
      0.0
    ],
    "max_occupancy": 98.33333333333333,
    "permit": "Red",
    "current_occupancy": 32,
    "capacity": 60
  },
  "Mississippi Street Garage": {
    "data": [
      0.0,
      0.0,
      0.0,
      0.0,
      0.0,
      0.0,
      0.0,
      28.999999999999996,
      50.0,
      71.0,
      86.0,
      96.0,
      93.0,
      88.0,
      70.0,
      54.0,
      36.0,
      22.0,
      15.0,
      0.0,
      0.0,
      0.0,
      0.0,
      0.0
    ],
    "max_occupancy": 96.0,
    "permit": "Garage",
    "current_occupancy": 65,
    "capacity": 100
  },
  "Central District Lot": {
    "data": [
      0.0,
      0.0,
      0.0,
      0.0,
      0.0,
      0.0,
      0.0,
      13.750000000000002,
      31.25,
      65.0,
      90.0,
      98.75,
      93.75,
      86.25,
      68.75,
      53.75,
      35.0,
      25.0,
      87.5,
      0.0,
      0.0,
      0.0,
      0.0,
      0.0
    ],
    "max_occupancy": 98.75,
    "permit": "Garage",
    "current_occupancy": 45,
    "capacity": 80
  },
  "Capital Federal Lot": {
    "data": [
      0.0,
      0.0,
      0.0,
      0.0,
      0.0,
      0.0,
      0.0,
      25.666666666666664,
      53.333333333333336,
      73.33333333333333,
      84.0,
      90.66666666666666,
      83.33333333333334,
      70.66666666666667,
      63.33333333333333,
      54.0,
      43.333333333333336,
      35.0,
      31.666666666666664,
      0.0,
      0.0,
      0.0,
      0.0,
      0.0
    ],
    "max_occupancy": 90.66666666666666,
    "permit": "Yellow",
    "current_occupancy": 170,
    "capacity": 300
  }
}